accession,title,description,blurb,abstract,citation,journal,issue,pub_date,category,discipline,geo,years,tags,audience,cas,source_url,pdf_url,cover_url,cover_alt
YUL-2019-0114,A Survey of Beinecke MS 408,"<p>A codicological survey of the manuscript known as the Voynich, covering quire structure, hand, and pigment analysis.</p>",A codicological survey of the manuscript's quire structure and pigments.,"Presents measurements taken during the 2018 conservation survey, including fibre analysis of eleven folios.",Beinecke Rare Book & Manuscript Library. (2019). A Survey of Beinecke MS 408.,Yale Library Studies,vol. 14,2019-04-02,Manuscripts,Book History,Europe | Italy,2018-2019,codicology|pigment analysis|manuscripts,Researchers,No,https://beinecke.library.yale.edu/,__BASE_URL__/sites/default/files/feeds-demo/media/beinecke-ms-408-survey.pdf,__BASE_URL__/sites/default/files/feeds-demo/media/beinecke-ms-408-cover.jpg,Vellum binding of Beinecke MS 408
YUL-2017-0233,"New Haven Almshouse Records, 1840-1870","<p>Admission ledgers and overseer correspondence from the New Haven almshouse.</p>",Admission ledgers and overseer correspondence from the New Haven almshouse.,"Three linear feet of records documenting poor relief in New Haven across three decades, with name indexes.",Manuscripts and Archives. (2017). New Haven Almshouse Records.,Connecticut History Review,vol. 56,March 2017,Archival Collections,Social History,United States|Connecticut ,2016-2017,poor relief| social welfare |new haven,"Researchers, Current Students",No,https://library.yale.edu/mssa,__BASE_URL__/sites/default/files/feeds-demo/media/new-haven-almshouse-records.pdf,__BASE_URL__/sites/default/files/feeds-demo/media/almshouse-records-cover.jpg,Almshouse admission ledger cover
YUL-2015-0871,The Whitney Armory Ledgers,"<p>Financial and production ledgers from the Whitney Armory in Hamden.</p>",Financial and production ledgers from the Whitney Armory.,Documents interchangeable parts manufacture between 1798 and 1825.,Yale Collection of Western Americana. (2015). The Whitney Armory Ledgers.,Journal of Industrial History,vol. 31,3/4/2015,Archival Collections,History of Technology,United States,2014-2015,manufacturing|industry,Researchers,No,https://library.yale.edu/,__BASE_URL__/sites/default/files/feeds-demo/media/whitney-armory-ledgers.pdf,__BASE_URL__/sites/default/files/feeds-demo/media/whitney-armory-cover.jpg,Whitney Armory ledger spine
YUL-2021-0442,Peabody Expedition Field Notebooks,"<p>Field notebooks from the Marsh expeditions to the western territories.</p>",Field notebooks from the Marsh expeditions to the western territories.,"Includes sketches, stratigraphic notes and correspondence carried in the field.",Yale Peabody Museum Archives. (2021). Peabody Expedition Field Notebooks.,Museum Archives Quarterly,vol. 9,04-Mar-2021,Field Records,Paleontology|Geology,United States | Wyoming | Colorado,2020-2021,expeditions|field notes|marsh,"Researchers, Prospective Students",No,https://peabody.yale.edu/,__BASE_URL__/sites/default/files/feeds-demo/media/peabody-field-notebooks.pdf,__BASE_URL__/sites/default/files/feeds-demo/media/peabody-notebooks-cover.jpg,Weathered field notebook cover
YUL-2013-0090,"Elm City Broadsides, 1790-1830",<p>Printed broadsides produced in New Haven printing houses.</p>,Printed broadsides produced in New Haven printing houses.,A survey of 240 broadsides with typeface attributions.,Arts of the Book Collection. (2013). Elm City Broadsides.,Printing History,vol. 22,1998,Printed Works,Book History,United States|Connecticut,2012-2013,broadsides|printing|typography|,Researchers,No,https://library.yale.edu/arts-book,__BASE_URL__/sites/default/files/feeds-demo/media/elm-city-broadsides.pdf,__BASE_URL__/sites/default/files/feeds-demo/media/elm-city-broadsides-cover.jpg,Broadside sheet detail
YUL-2020-0655,"Missionary Correspondence, 1815-1902",<p>Letters from missionaries in China and the Ottoman Empire.</p>,Letters from missionaries in China and the Ottoman Empire.,"Over 1400 letters, digitised and transcribed with a searchable index.",Yale Divinity Library. (2020). Missionary Correspondence.,Religion and Empire,vol. 7,,Archival Collections,Religious History,China | Turkey,2019-2020,missions|correspondence,Researchers,Yes,https://divinity-adhoc.library.yale.edu/,__BASE_URL__/sites/default/files/feeds-demo/media/divinity-missionary-letters.pdf,__BASE_URL__/sites/default/files/feeds-demo/media/missionary-letters-cover.jpg,Bundled missionary letters
YUL-2019-0114,A Survey of Beinecke MS 408 (duplicate accession),<p>This row deliberately reuses an accession number already used above.</p>,Duplicate accession number to demonstrate GUID collision handling.,Deliberate duplicate.,Duplicate row.,Yale Library Studies,vol. 14,2019-04-02,Manuscripts,Book History,Europe,2018-2019,duplicate,Researchers,No,https://beinecke.library.yale.edu/,__BASE_URL__/sites/default/files/feeds-demo/media/beinecke-ms-408-survey.pdf,__BASE_URL__/sites/default/files/feeds-demo/media/beinecke-ms-408-cover.jpg,Duplicate row cover
YUL-2022-0301,Records With A Missing Document,<p>This row points at a PDF that does not exist on the server.</p>,Points at a PDF that returns 404 to show partial-failure handling.,The document URL deliberately 404s.,Test row.,Yale Library Studies,vol. 15,2022-06-01,Archival Collections,Social History,United States,2021-2022,broken link,Researchers,No,https://library.yale.edu/,__BASE_URL__/sites/default/files/feeds-demo/media/this-file-does-not-exist.pdf,__BASE_URL__/sites/default/files/feeds-demo/media/almshouse-records-cover.jpg,Cover for a missing document
YUL-2022-0302,Records With A Disallowed File Type,<p>This row points at an executable rather than a document.</p>,Points at a .exe to show the extension allow-list refusing it.,The document URL has a disallowed extension.,Test row.,Yale Library Studies,vol. 15,2022-06-02,Archival Collections,Social History,United States,2021-2022,security,Researchers,No,https://library.yale.edu/,__BASE_URL__/sites/default/files/feeds-demo/media/malicious-payload.exe,__BASE_URL__/sites/default/files/feeds-demo/media/whitney-armory-cover.jpg,Cover for a disallowed file
