email,prefix,first_name,last_name,pronouns,position,department,phone,office,affiliations,audience,teaser_title,teaser_summary
amara.okonkwo@yale.edu,Prof.,Amara ,Okonkwo,she/her,PROFESSOR OF GEOPHYSICS,Earth & Planetary Sciences,(203) 432-0111,KGL 218,Faculty; Geophysics,Prospective Students,Amara Okonkwo,"<p>Studies the <strong>structure of the deep mantle</strong> using seismic tomography, with fieldwork across the East African Rift.</p>"
d.halvorsen@yale.edu,Dr.,Dagny,Halvorsen ,she/her,associate professor of climate science,Earth & Planetary Sciences,203-432-0112,KGL 224,faculty;Climate,"Prospective Students, Researchers",Dagny Halvorsen,"<p>Reconstructs past climate from ice cores and lake sediments. Her group maintains the Yale Paleoclimate Archive, a public dataset of more than four thousand records spanning the last eight hundred thousand years of Earth history.</p>"
rmoreau@yale.edu,,Rafael,Moreau,he/him,POSTDOCTORAL ASSOCIATE,Earth & Planetary Sciences,,KGL 106,Postdocs;Geochemistry,Researchers,Rafael Moreau,<p>Isotope geochemistry of arc volcanism.</p>
s.venkataraman@yale.edu,Prof.,Sunita,Venkataraman,she/her,professor of planetary science,Earth & Planetary Sciences,(203) 432-0114,KGL 310,Faculty;Planetary Science,Prospective Students,Sunita Venkataraman,"<p>Models the interiors of icy moons and leads the department's outreach programme with New Haven public schools.</p>"
tobias.lindqvist@yale.edu,Dr.,Tobias,Lindqvist,he/him,LECTURER,Earth & Planetary Sciences,203.432.0115,KGL 112,Faculty; Teaching,Current Students,Tobias Lindqvist,<p>Teaches introductory geology and field methods.</p>
nia.brathwaite@yale.edu,,Nia,Brathwaite,she/her,phd candidate,Earth & Planetary Sciences,,KGL 004,Graduate Students;Geophysics,Current Students,Nia Brathwaite,"<p>Dissertation work on slow-slip earthquakes in Cascadia, combining GPS time series with laboratory friction experiments on borehole samples recovered from the subduction zone.</p>"
hkoval@yale.edu,Dr.,Henryk,Koval,he/him,RESEARCH SCIENTIST,Earth & Planetary Sciences,(203) 432-0117,KGL 130,Research Staff;Geochemistry,Researchers,Henryk Koval,<p>Runs the noble gas laboratory.</p>
marisol.aguayo@yale.edu,Prof.,Marisol,Aguayo,she/her,PROFESSOR AND DEPARTMENT CHAIR,Earth & Planetary Sciences,(203) 432-0118,KGL 200,Faculty;Administration;Sedimentology,"Prospective Students, Researchers",Marisol Aguayo,<p>Sedimentary basin analysis and the department's academic leadership.</p>
j.oyelaran@yale.edu,,Jide,Oyelaran,they/them,GRADUATE RESEARCH ASSISTANT,Earth & Planetary Sciences,,KGL 008,Graduate Students; Climate,Current Students,Jide Oyelaran,<p>Studies monsoon variability in coupled climate models.</p>
elena.vasquez@yale.edu,Ms.,Elena,Vasquez,she/her,department administrator,Earth & Planetary Sciences,(203) 432-0120,KGL 202,Staff;Administration,Current Students,Elena Vasquez,<p>First point of contact for departmental business and graduate admissions enquiries.</p>
kwame.asante@yale.edu,Dr.,Kwame,Asante,he/him,ASSISTANT PROFESSOR OF MINERALOGY,Earth & Planetary Sciences,(203) 432-0121,KGL 316,Faculty;Mineralogy,Prospective Students,Kwame Asante,<p>High-pressure mineral physics and diamond anvil cell experiments.</p>
freya.ostergaard@yale.edu,Prof.,Freya,Ostergaard,she/her,PROFESSOR OF PALEONTOLOGY,Earth & Planetary Sciences,203-432-0122,KGL 322,Faculty; Paleontology,"Prospective Students, Researchers",Freya Ostergaard,"<p>Curates the invertebrate collections and works on mass extinction records in the fossil record of the Late Ordovician.</p>"
b.nakamura@yale.edu,Dr.,Beatrice,Nakamura,she/her,SENIOR LECTURER,Earth & Planetary Sciences,(203) 432-0123,KGL 118,Faculty;Teaching;Climate,Current Students,Beatrice Nakamura,<p>Directs the undergraduate studies programme.</p>
omar.haddad@yale.edu,,Omar,Haddad,he/him,phd candidate,Earth & Planetary Sciences,,KGL 010,Graduate Students;Planetary Science,Current Students,Omar Haddad,<p>Simulates impact cratering on rocky bodies.</p>
lucia.ferrante@yale.edu,Dr.,Lucia,Ferrante,she/her,POSTDOCTORAL FELLOW,Earth & Planetary Sciences,,KGL 108,Postdocs;Paleontology,Researchers,Lucia Ferrante,<p>Micropaleontology of deep sea cores.</p>
theo.mbeki@yale.edu,Prof.,Theo,Mbeki,he/him,professor of hydrology,Earth & Planetary Sciences,(203) 432-0126,KGL 328,Faculty;Hydrology,Prospective Students,Theo Mbeki,"<p>Groundwater systems and water security, with long-running field sites in southern Africa and the American Southwest.</p>"
ingrid.solheim@yale.edu,Dr.,Ingrid,Solheim,she/her,LAB MANAGER,Earth & Planetary Sciences,(203) 432-0127,KGL 020,Research Staff;Geochemistry,Researchers,Ingrid Solheim,<p>Manages the clean laboratory and mass spectrometry facility.</p>
p.raghunathan@yale.edu,,Priya,Raghunathan,she/her,GRADUATE RESEARCH ASSISTANT,Earth & Planetary Sciences,,KGL 012,Graduate Students;Mineralogy,Current Students,Priya Raghunathan,<p>Crystal chemistry of mantle phases.</p>
callum.stewart@yale.edu,Dr.,Callum,Stewart,he/him,ASSOCIATE RESEARCH SCIENTIST,Earth & Planetary Sciences,(203) 432-0129,KGL 132,Research Staff;Geophysics,Researchers,Callum Stewart,<p>Seismic instrumentation and network operations.</p>
yuki.tanaka@yale.edu,Prof.,Yuki,Tanaka,they/them,PROFESSOR OF ATMOSPHERIC SCIENCE,Earth & Planetary Sciences,(203) 432-0130,KGL 334,Faculty;Climate;Atmospheric Science,"Prospective Students, Researchers",Yuki Tanaka,<p>Atmospheric dynamics and the predictability of extreme weather.</p>
,Dr.,Unknown,Placeholder,,VISITING SCHOLAR,Earth & Planetary Sciences,,,Visiting,Researchers,Placeholder Record,<p>This row has no email address and should be skipped by the import.</p>
zainab.farouk@yale.edu,Dr.,Zainab,Farouk,she/her,VISITING ASSOCIATE PROFESSOR,Earth & Planetary Sciences,(203) 432-0132,KGL 340,Faculty; Visiting; Hydrology,Researchers,Zainab Farouk,<p>Visiting from the University of Cape Town for the academic year.</p>
